TransactionID,SenderAccountNumber,ReceiverAccountNumber,Amount,TransferDatetime
287062,650-63-6154,430-04-5447,8584.094218,2021-02-21 16:21:49Z
377610,875-13-4278,650-63-6154,193772.0259,2021-04-21 03:09:06Z
513428,566-83-8044,875-13-4278,138147.425,2021-05-21 22:03:26Z
571917,532-16-1750,566-83-8044,92918.53787,2021-07-22 14:35:48Z
418959,683-00-5812,532-16-1750,83355.47712,2021-02-03 07:53:22Z
226117,060-21-3317,683-00-5812,156637.1547,2021-02-26 02:03:07Z
794690,611-71-0203,060-21-3317,33307.38709,2021-08-26 07:19:39Z
545007,820-62-2326,611-71-0203,182842.6328,2021-08-10 08:57:43Z
865016,402-45-6427,820-62-2326,71638.94337,2021-06-07 05:12:58Z
829154,827-22-6062,402-45-6427,133408.4168,2021-03-23 19:12:00Z
866605,624-06-2107,827-22-6062,91611.11143,2021-03-28 20:38:32Z
609209,534-06-7335,624-06-2107,147680.5074,2021-01-17 16:09:21Z
180479,246-87-3132,534-06-7335,180850.4254,2021-05-07 06:20:46Z
767265,434-24-5776,246-87-3132,80728.00387,2021-05-02 04:20:31Z
534837,062-18-1716,434-24-5776,85703.1753,2021-05-06 08:34:55Z
354230,762-54-2442,062-18-1716,199820.6956,2021-03-22 16:37:24Z
136357,174-15-3773,762-54-2442,79546.64134,2021-05-10 10:56:34Z
239973,305-46-6381,174-15-3773,15005.57537,2021-08-25 09:27:55Z
267488,736-31-5657,305-46-6381,88033.75021,2021-06-15 09:52:50Z
215670,745-50-1433,736-31-5657,108816.782,2021-03-10 01:53:16Z
638888,830-52-1651,745-50-1433,122838.0373,2021-08-18 18:10:19Z
836020,338-58-3601,830-52-1651,18177.60913,2021-04-22 04:48:03Z
607581,248-16-4677,338-58-3601,37944.92263,2021-06-23 03:27:00Z
695063,228-00-7826,248-16-4677,32291.73592,2021-03-24 08:17:15Z
147636,576-22-2236,228-00-7826,125604.576,2021-08-13 11:09:57Z
236089,025-44-7058,576-22-2236,62475.33129,2021-01-18 19:03:42Z
665319,236-84-3454,025-44-7058,41184.80102,2021-09-01 14:10:00Z
924339,600-23-4656,236-84-3454,128576.1417,2021-04-05 08:32:46Z
874687,871-10-4712,600-23-4656,96855.16601,2021-07-01 16:46:27Z
381640,785-65-8200,871-10-4712,179992.4007,2021-02-17 10:16:39Z
696180,048-82-5416,785-65-8200,3683.476098,2021-03-26 00:23:40Z
247519,483-67-1026,048-82-5416,168767.2841,2021-02-14 06:07:27Z
312163,525-77-1330,483-67-1026,76822.21246,2021-01-12 18:34:35Z
759424,045-61-4184,525-77-1330,35783.29479,2021-08-10 09:32:44Z
935544,050-61-7466,045-61-4184,65780.2606,2021-04-21 07:42:10Z
612192,855-21-8447,050-61-7466,29874.54869,2021-06-03 17:30:05Z
461396,886-51-1363,855-21-8447,140865.3873,2021-04-16 06:51:19Z
165298,088-56-6634,886-51-1363,152565.6187,2021-08-24 21:33:35Z
394440,883-66-3870,088-56-6634,47729.26797,2021-01-04 21:31:50Z
672839,423-13-4375,883-66-3870,136566.0559,2021-04-02 21:43:26Z
573766,262-68-1121,423-13-4375,34077.99472,2021-06-05 07:28:02Z
125679,560-48-1425,262-68-1121,96028.7886,2021-03-17 03:35:37Z
825365,415-36-3166,560-48-1425,36826.30846,2021-01-08 17:38:03Z
434133,272-72-6427,415-36-3166,74371.68119,2021-07-12 07:45:35Z
483219,705-77-5861,272-72-6427,94812.62796,2021-08-11 01:40:46Z
629551,726-55-0272,705-77-5861,103074.4441,2021-06-25 20:43:17Z
734307,738-62-1855,726-55-0272,177362.688,2021-08-23 16:57:19Z
133774,241-68-2480,738-62-1855,105008.4327,2021-02-20 19:38:31Z
530007,535-50-6535,241-68-2480,5978.341324,2021-03-08 03:53:09Z
808684,145-15-6482,535-50-6535,139442.7026,2021-05-28 02:17:01Z
483807,566-64-8428,145-15-6482,15392.03513,2021-02-08 01:30:58Z
887995,430-15-6024,566-64-8428,136350.2099,2021-07-03 15:24:11Z
960721,653-40-1765,430-15-6024,12261.81579,2021-01-21 04:45:14Z
438837,178-66-4118,653-40-1765,195373.5371,2021-01-13 20:53:50Z
683432,852-00-8323,178-66-4118,72616.12518,2021-05-10 19:24:45Z
996477,514-65-8714,852-00-8323,186693.0544,2021-07-16 03:56:10Z
529507,878-10-8537,514-65-8714,93207.98547,2021-02-13 21:07:47Z
416162,646-01-7012,878-10-8537,161274.9233,2021-06-08 17:32:46Z
485810,714-20-8170,646-01-7012,83596.17377,2021-05-19 17:43:19Z
832845,882-04-1325,714-20-8170,66129.59464,2021-01-01 10:05:51Z
460406,844-30-2613,882-04-1325,143326.4876,2021-08-15 01:07:03Z
284530,258-61-0744,844-30-2613,99707.52712,2021-03-14 11:13:20Z
576744,546-81-4528,258-61-0744,14387.03667,2021-06-29 09:09:14Z
779284,562-02-6725,546-81-4528,153060.3839,2021-04-15 00:29:29Z
356919,827-07-0132,562-02-6725,54868.42736,2021-01-09 03:22:30Z
725607,888-78-1742,827-07-0132,193209.5449,2021-03-30 17:10:50Z
956815,072-25-7603,888-78-1742,127471.2724,2021-08-19 11:49:06Z
604931,567-41-5342,072-25-7603,5704.757438,2021-05-20 18:07:23Z
162860,576-44-1300,567-41-5342,26782.87743,2021-02-10 18:16:40Z
423968,211-84-4005,576-44-1300,143213.7832,2021-05-31 04:51:21Z
903618,684-88-2707,211-84-4005,84550.41548,2021-08-06 18:29:37Z
213944,256-10-2086,684-88-2707,181659.2017,2021-06-05 10:01:36Z
288149,802-72-0825,256-10-2086,59560.32615,2021-09-01 18:45:14Z
405473,857-13-2148,802-72-0825,8438.78599,2021-04-29 03:15:46Z
457617,426-78-2440,857-13-2148,6639.713805,2021-07-07 04:50:03Z
512390,833-10-4215,426-78-2440,32408.3546,2021-05-18 06:11:34Z
690951,724-64-0000,833-10-4215,68555.11168,2021-05-29 22:47:06Z
987598,513-53-4378,724-64-0000,195951.1194,2021-07-12 02:08:26Z
368722,726-25-8582,513-53-4378,141611.0278,2021-04-23 18:30:32Z
178355,211-26-8460,726-25-8582,130112.3341,2021-04-10 20:53:56Z
846494,140-01-8617,211-26-8460,11668.94242,2021-06-06 03:11:30Z
492696,671-30-0017,140-01-8617,81895.48943,2021-03-25 08:44:41Z
132101,027-30-2606,671-30-0017,123896.3363,2021-05-22 13:00:26Z
759386,406-42-0705,027-30-2606,134470.5028,2021-02-21 06:32:53Z
119074,332-18-5087,406-42-0705,3249.013432,2021-01-23 12:00:08Z
739813,673-72-3828,332-18-5087,4546.582647,2021-04-15 21:54:22Z
799057,866-20-8743,673-72-3828,148846.0734,2021-05-02 00:11:43Z
869391,266-30-3668,866-20-8743,198678.6516,2021-02-09 11:47:05Z
137706,435-57-2316,266-30-3668,121081.2976,2021-07-03 07:47:01Z
322182,885-18-6760,435-57-2316,51532.26889,2021-04-18 18:45:05Z
899805,561-13-2636,885-18-6760,34023.12435,2021-01-19 09:24:46Z
834361,574-27-2386,561-13-2636,165003.3919,2021-05-13 06:35:02Z
968780,736-32-4742,574-27-2386,149966.808,2021-03-29 08:39:43Z
635659,034-82-4477,736-32-4742,132679.0767,2021-07-28 02:17:11Z
168982,338-58-6732,034-82-4477,76663.14658,2021-07-20 16:08:49Z
276722,431-70-1077,338-58-6732,21887.11102,2021-04-15 11:26:33Z
544791,281-25-1765,431-70-1077,18675.38216,2021-06-14 21:26:04Z
918931,625-82-2217,281-25-1765,75901.97073,2021-09-05 09:08:15Z
887035,312-78-2310,625-82-2217,100794.9308,2021-05-27 09:40:28Z
355338,430-04-5447,312-78-2310,189334.5646,2021-05-09 13:55:54Z
469755,650-63-6154,430-04-5447,26648.90342,2021-02-06 12:44:05Z
142270,875-13-4278,430-04-5447,50375.42169,2021-08-18 01:00:37Z
394243,566-83-8044,430-04-5447,99295.87694,2021-01-18 08:52:12Z
491016,532-16-1750,650-63-6154,11148.88182,2021-01-29 13:12:20Z
295144,683-00-5812,875-13-4278,15794.8791,2021-02-28 15:35:24Z
118527,060-21-3317,566-83-8044,157261.6186,2021-07-10 17:01:15Z
114994,611-71-0203,532-16-1750,29876.11961,2021-02-23 20:01:22Z
191650,820-62-2326,683-00-5812,103701.523,2021-04-02 02:17:10Z
228474,402-45-6427,060-21-3317,162604.7867,2021-06-08 06:54:35Z
881181,827-22-6062,611-71-0203,69612.16555,2021-06-10 06:09:22Z
552064,624-06-2107,820-62-2326,7831.825366,2021-07-03 09:25:20Z
238193,534-06-7335,402-45-6427,74219.73876,2021-08-25 04:40:56Z
620769,246-87-3132,827-22-6062,85491.82707,2021-03-14 16:27:09Z
940674,434-24-5776,624-06-2107,40167.26756,2021-01-13 04:07:36Z
204857,062-18-1716,534-06-7335,101970.9927,2021-06-08 22:56:21Z
111992,762-54-2442,246-87-3132,107798.1423,2021-01-31 14:57:36Z
928552,174-15-3773,434-24-5776,46405.8246,2021-03-27 16:22:55Z
457178,305-46-6381,062-18-1716,86025.28465,2021-06-26 22:13:00Z
392621,736-31-5657,762-54-2442,135680.2649,2021-03-23 10:01:50Z
759186,745-50-1433,174-15-3773,26689.9414,2021-08-02 10:08:47Z
742819,830-52-1651,305-46-6381,40493.6913,2021-06-02 08:40:43Z
882251,338-58-3601,736-31-5657,9505.180856,2021-04-27 18:02:52Z
352388,248-16-4677,745-50-1433,64727.50084,2021-04-22 03:51:35Z
374819,228-00-7826,830-52-1651,81283.05637,2021-07-01 02:34:28Z
654843,576-22-2236,338-58-3601,72322.44983,2021-03-19 17:12:11Z
950872,025-44-7058,248-16-4677,56310.65178,2021-01-03 02:19:35Z
407692,236-84-3454,228-00-7826,151690.8717,2021-05-28 00:30:25Z
228319,600-23-4656,576-22-2236,7563.340065,2021-08-29 02:00:09Z
259657,871-10-4712,025-44-7058,145813.4452,2021-06-23 06:41:58Z
524196,785-65-8200,236-84-3454,148700.3404,2021-07-20 14:40:12Z
774353,048-82-5416,600-23-4656,38084.68866,2021-02-14 07:09:17Z
116705,483-67-1026,871-10-4712,138073.2203,2021-06-15 06:30:10Z
473532,525-77-1330,785-65-8200,5382.725542,2021-06-23 17:44:14Z
676257,045-61-4184,048-82-5416,22607.61695,2021-08-14 20:16:18Z
238230,050-61-7466,483-67-1026,181840.9859,2021-04-12 16:33:28Z
276880,855-21-8447,525-77-1330,112521.8657,2021-06-21 07:00:45Z
816490,886-51-1363,045-61-4184,34820.87547,2021-07-18 00:11:26Z
849034,088-56-6634,050-61-7466,52016.63274,2021-05-17 17:44:48Z
426841,883-66-3870,855-21-8447,187861.4329,2021-06-25 19:49:27Z
811329,423-13-4375,886-51-1363,84430.05782,2021-06-24 14:19:08Z
274418,262-68-1121,088-56-6634,49220.27606,2021-08-12 17:57:14Z
188153,560-48-1425,883-66-3870,122892.1599,2021-03-16 17:07:53Z
535051,415-36-3166,423-13-4375,147986.2643,2021-03-21 09:32:54Z
920571,272-72-6427,262-68-1121,153505.6599,2021-03-19 04:51:33Z
323669,705-77-5861,560-48-1425,83352.36986,2021-04-03 07:08:19Z
102296,726-55-0272,415-36-3166,150767.2425,2021-06-06 04:00:00Z
419023,738-62-1855,272-72-6427,148148.9767,2021-03-25 15:15:53Z
659708,241-68-2480,705-77-5861,46997.34712,2021-05-28 10:35:40Z
175060,535-50-6535,726-55-0272,106087.7438,2021-05-29 05:41:41Z
393903,145-15-6482,738-62-1855,15410.70253,2021-08-17 21:57:08Z
179574,566-64-8428,241-68-2480,137260.1652,2021-06-04 14:07:47Z
411593,430-15-6024,535-50-6535,58871.02581,2021-05-05 00:29:44Z
239205,653-40-1765,145-15-6482,144944.2227,2021-07-25 05:28:40Z
159612,178-66-4118,566-64-8428,119987.6248,2021-08-15 11:43:13Z
793696,852-00-8323,430-15-6024,155856.4707,2021-01-28 02:30:27Z
479443,514-65-8714,653-40-1765,14295.29393,2021-03-25 00:24:14Z
947383,878-10-8537,178-66-4118,78715.3105,2021-07-07 21:11:53Z
385065,646-01-7012,852-00-8323,109402.331,2021-05-28 22:12:10Z
285988,714-20-8170,514-65-8714,43085.67409,2021-02-14 22:05:23Z
317868,882-04-1325,878-10-8537,56036.79939,2021-05-16 11:14:54Z
512221,844-30-2613,646-01-7012,81218.81439,2021-02-24 04:30:19Z
147281,258-61-0744,714-20-8170,172546.9036,2021-06-15 08:41:47Z
586662,546-81-4528,882-04-1325,131700.3861,2021-03-18 10:11:16Z
520768,562-02-6725,844-30-2613,48269.22656,2021-06-25 22:01:23Z
426024,827-07-0132,258-61-0744,117594.2302,2021-08-23 14:29:03Z
388598,888-78-1742,546-81-4528,165348.3417,2021-06-24 01:16:29Z
282447,072-25-7603,562-02-6725,20409.74692,2021-02-17 01:10:01Z
256147,567-41-5342,827-07-0132,120384.8342,2021-07-29 12:04:58Z
321538,576-44-1300,888-78-1742,38354.61899,2021-04-04 00:31:55Z
307990,211-84-4005,072-25-7603,24381.0298,2021-06-30 13:57:20Z
945397,684-88-2707,567-41-5342,92102.16492,2021-03-03 01:48:29Z
302214,256-10-2086,576-44-1300,35140.28569,2021-02-05 01:24:57Z
554669,802-72-0825,211-84-4005,82978.65916,2021-07-19 18:12:58Z
491839,857-13-2148,684-88-2707,158803.8709,2021-07-14 02:08:17Z
546659,426-78-2440,256-10-2086,28111.87634,2021-06-22 00:23:10Z
294550,833-10-4215,802-72-0825,141092.1336,2021-01-10 04:05:57Z
828491,724-64-0000,857-13-2148,20197.95329,2021-05-10 08:12:05Z
484619,513-53-4378,426-78-2440,93612.82162,2021-03-16 03:10:35Z
808387,726-25-8582,833-10-4215,143218.5384,2021-05-27 02:31:14Z
819139,211-26-8460,724-64-0000,46946.46559,2021-02-05 21:07:30Z
205029,140-01-8617,513-53-4378,144228.389,2021-02-16 06:05:13Z
947312,671-30-0017,726-25-8582,106848.939,2021-03-31 05:05:31Z
657075,027-30-2606,211-26-8460,64811.7724,2021-07-11 19:28:24Z
112202,406-42-0705,140-01-8617,118387.577,2021-05-02 18:37:54Z
643341,332-18-5087,671-30-0017,28530.13222,2021-05-11 21:14:05Z
815496,673-72-3828,027-30-2606,144986.0354,2021-05-25 20:23:38Z
903162,866-20-8743,406-42-0705,58711.18136,2021-04-13 02:29:05Z
616620,266-30-3668,332-18-5087,76785.6144,2021-05-11 15:23:50Z
370899,435-57-2316,673-72-3828,88161.20767,2021-07-08 21:39:27Z
928742,885-18-6760,866-20-8743,45860.34823,2021-03-10 21:17:29Z
744223,561-13-2636,266-30-3668,68410.47573,2021-04-25 00:44:33Z
115482,574-27-2386,435-57-2316,160723.6489,2021-07-29 15:26:53Z
481477,736-32-4742,885-18-6760,171557.7162,2021-03-22 07:40:48Z
116824,034-82-4477,561-13-2636,166604.9504,2021-08-22 06:20:01Z
253965,338-58-6732,574-27-2386,39115.96489,2021-06-22 02:38:15Z
807153,431-70-1077,736-32-4742,181510.634,2021-02-21 17:54:57Z
312539,281-25-1765,034-82-4477,79409.84317,2021-04-22 14:12:07Z
578445,625-82-2217,338-58-6732,122329.3546,2021-08-13 08:40:39Z
199767,312-78-2310,431-70-1077,156741.3605,2021-03-02 21:26:20Z
704294,430-04-5447,281-25-1765,168287.555,2021-01-20 05:07:58Z
683520,650-63-6154,625-82-2217,132033.2912,2021-02-28 21:47:56Z
778344,875-13-4278,312-78-2310,111912.2142,2021-08-22 00:26:05Z
881976,566-83-8044,430-04-5447,101518.7805,2021-07-14 05:29:58Z
581781,532-16-1750,625-82-2217,152422.7441,2021-07-16 20:24:30Z
258037,683-00-5812,312-78-2310,65940.89827,2021-08-20 03:23:26Z
766975,060-21-3317,430-04-5447,51299.37511,2021-03-30 17:27:47Z
953961,611-71-0203,650-63-6154,161467.926,2021-06-01 06:38:35Z
419680,820-62-2326,875-13-4278,114317.9481,2021-06-20 09:20:51Z
913270,402-45-6427,566-83-8044,198562.7214,2021-03-26 19:18:36Z
490901,827-22-6062,532-16-1750,71908.80597,2021-01-24 05:24:23Z
759001,624-06-2107,683-00-5812,41421.20583,2021-03-22 20:56:37Z
822423,534-06-7335,060-21-3317,108403.9424,2021-03-03 18:14:15Z
508880,246-87-3132,611-71-0203,134773.7394,2021-06-20 00:39:44Z
118598,434-24-5776,820-62-2326,146199.932,2021-03-30 14:28:46Z
782328,062-18-1716,402-45-6427,147949.0855,2021-02-12 11:22:36Z
936603,762-54-2442,827-22-6062,114786.5036,2021-06-18 21:58:43Z
275879,174-15-3773,624-06-2107,98635.04935,2021-05-11 21:15:19Z
766000,305-46-6381,534-06-7335,110865.666,2021-08-26 21:49:27Z
797717,736-31-5657,246-87-3132,12989.02959,2021-06-08 13:43:57Z
669333,745-50-1433,434-24-5776,75194.88563,2021-06-23 09:14:18Z
229990,830-52-1651,062-18-1716,51752.26804,2021-07-20 15:02:53Z
518376,338-58-3601,762-54-2442,112638.262,2021-07-11 21:47:05Z
615450,248-16-4677,174-15-3773,31128.52799,2021-07-10 11:18:45Z
465230,228-00-7826,305-46-6381,1421.485813,2021-01-31 17:21:01Z
536871,576-22-2236,736-31-5657,99068.57627,2021-06-08 01:02:13Z
693576,025-44-7058,745-50-1433,90372.01303,2021-04-23 10:37:48Z
366305,236-84-3454,830-52-1651,191560.9001,2021-01-07 17:11:41Z
279246,600-23-4656,338-58-3601,198419.5251,2021-01-26 00:19:34Z
949956,871-10-4712,248-16-4677,145695.8601,2021-01-24 22:45:54Z
365755,785-65-8200,228-00-7826,32357.10075,2021-05-09 13:06:53Z
282117,048-82-5416,576-22-2236,194484.8132,2021-01-14 05:11:58Z
541405,483-67-1026,025-44-7058,143738.789,2021-08-22 19:35:42Z
298689,525-77-1330,236-84-3454,72699.8406,2021-04-19 17:27:45Z
226100,045-61-4184,600-23-4656,170951.8994,2021-06-21 14:04:23Z
701944,050-61-7466,871-10-4712,103076.3097,2021-04-19 21:09:38Z
208833,855-21-8447,785-65-8200,43647.91999,2021-03-20 09:22:41Z
291615,886-51-1363,048-82-5416,184617.575,2021-03-18 01:28:49Z
554169,088-56-6634,483-67-1026,127805.733,2021-02-24 18:43:30Z
408329,883-66-3870,525-77-1330,132872.0986,2021-08-22 07:34:02Z
731583,423-13-4375,045-61-4184,38359.70007,2021-01-29 22:19:37Z
209302,262-68-1121,050-61-7466,25498.37947,2021-07-06 20:05:21Z
399539,560-48-1425,855-21-8447,69708.52617,2021-07-11 06:06:23Z
520765,415-36-3166,886-51-1363,111011.4271,2021-03-30 07:27:57Z
746728,272-72-6427,088-56-6634,121651.4265,2021-01-20 08:29:29Z
291258,705-77-5861,883-66-3870,6734.813381,2021-01-16 19:01:26Z
936300,726-55-0272,423-13-4375,109002.0121,2021-04-06 07:23:56Z
558663,738-62-1855,262-68-1121,186913.5644,2021-06-12 13:26:39Z
835423,241-68-2480,560-48-1425,166905.3373,2021-07-20 07:31:25Z
975950,535-50-6535,415-36-3166,147206.3078,2021-04-24 06:43:29Z
204219,145-15-6482,272-72-6427,76108.69869,2021-03-15 11:27:45Z
394366,566-64-8428,705-77-5861,95562.28318,2021-04-24 18:28:27Z
276925,430-15-6024,726-55-0272,162109.006,2021-01-08 07:50:00Z
847825,653-40-1765,738-62-1855,69304.30756,2021-07-17 04:14:40Z
868343,178-66-4118,241-68-2480,23228.12899,2021-04-21 09:43:25Z
926674,852-00-8323,535-50-6535,166922.7049,2021-08-12 20:20:31Z
467361,514-65-8714,145-15-6482,24472.71014,2021-04-12 20:14:38Z
269312,878-10-8537,566-64-8428,75836.92711,2021-07-03 22:16:13Z
195803,646-01-7012,430-15-6024,185730.7745,2021-06-10 03:28:33Z
519768,714-20-8170,653-40-1765,127163.3243,2021-03-16 16:46:52Z
897558,882-04-1325,178-66-4118,99185.76941,2021-07-10 01:05:05Z
880197,844-30-2613,852-00-8323,89913.25387,2021-07-29 16:25:52Z
118403,258-61-0744,514-65-8714,193845.4778,2021-06-30 00:43:17Z
776042,546-81-4528,878-10-8537,173188.1852,2021-02-12 04:34:02Z
495858,562-02-6725,646-01-7012,15493.80183,2021-03-26 05:11:25Z
749208,827-07-0132,714-20-8170,147247.4161,2021-08-10 20:06:00Z
587167,888-78-1742,882-04-1325,54038.26224,2021-07-04 08:16:58Z
363995,072-25-7603,844-30-2613,5980.385433,2021-03-12 13:39:41Z
110570,567-41-5342,258-61-0744,97593.09726,2021-02-20 21:43:28Z
366015,576-44-1300,546-81-4528,12913.08466,2021-07-15 19:57:38Z
930466,211-84-4005,562-02-6725,128398.6979,2021-01-19 05:32:05Z
885806,684-88-2707,827-07-0132,168890.0029,2021-07-09 17:27:07Z
534354,256-10-2086,888-78-1742,172315.8887,2021-06-20 06:47:06Z
218631,802-72-0825,072-25-7603,182624.3795,2021-02-04 01:44:55Z
247984,857-13-2148,567-41-5342,157691.7401,2021-06-04 05:22:28Z
582157,426-78-2440,576-44-1300,7601.203619,2021-04-03 18:48:21Z
360029,833-10-4215,211-84-4005,77649.37998,2021-06-04 13:56:43Z
660267,724-64-0000,684-88-2707,35483.77949,2021-08-27 11:56:13Z
835422,513-53-4378,256-10-2086,21815.7999,2021-05-22 14:40:47Z
460509,726-25-8582,802-72-0825,93074.36826,2021-02-01 12:03:16Z
575729,211-26-8460,857-13-2148,108856.6066,2021-06-15 02:17:04Z
850917,140-01-8617,426-78-2440,72731.30362,2021-06-23 07:05:40Z
670757,671-30-0017,833-10-4215,114223.0686,2021-01-29 01:08:04Z
439449,027-30-2606,724-64-0000,188977.552,2021-04-09 18:38:40Z
527691,406-42-0705,513-53-4378,82569.12815,2021-04-21 22:15:27Z
535410,332-18-5087,726-25-8582,81289.99029,2021-04-08 19:36:18Z
261086,673-72-3828,211-26-8460,49619.50672,2021-03-31 08:04:48Z
656308,866-20-8743,140-01-8617,8426.277211,2021-06-15 01:12:08Z
413471,266-30-3668,671-30-0017,85811.76634,2021-04-14 05:26:58Z
669569,435-57-2316,027-30-2606,145723.721,2021-04-27 08:44:14Z
411942,885-18-6760,406-42-0705,78197.47269,2021-08-17 20:01:16Z
654437,561-13-2636,332-18-5087,20808.00562,2021-07-31 21:45:37Z
481022,574-27-2386,673-72-3828,145774.1299,2021-07-30 09:14:55Z
828547,736-32-4742,866-20-8743,173730.7701,2021-06-28 12:53:40Z
709418,034-82-4477,266-30-3668,119191.3645,2021-08-05 10:53:17Z
680914,338-58-6732,435-57-2316,123479.5891,2021-08-20 16:31:12Z
835457,431-70-1077,885-18-6760,118167.2591,2021-03-06 06:56:32Z
104890,281-25-1765,561-13-2636,119861.535,2021-01-10 17:12:10Z
822388,625-82-2217,574-27-2386,125996.0305,2021-01-10 09:51:03Z
304069,312-78-2310,736-32-4742,163285.0354,2021-08-24 20:32:06Z
400157,430-04-5447,034-82-4477,9768.346199,2021-07-29 21:08:55Z
986682,650-63-6154,338-58-6732,107322.726,2021-01-12 05:15:55Z
755103,875-13-4278,431-70-1077,52979.6393,2021-06-24 00:00:09Z
455976,566-83-8044,281-25-1765,83954.46126,2021-07-23 14:03:40Z
837761,532-16-1750,625-82-2217,23522.19103,2021-03-30 06:51:08Z
186665,683-00-5812,312-78-2310,14437.59845,2021-04-20 13:32:30Z
601654,060-21-3317,430-04-5447,117060.2631,2021-04-06 04:17:41Z
356940,611-71-0203,281-25-1765,193379.7618,2021-07-07 13:18:42Z
506488,820-62-2326,625-82-2217,2698.642803,2021-06-26 18:04:56Z
927441,402-45-6427,312-78-2310,124321.7845,2021-08-01 08:05:48Z
846498,827-22-6062,430-04-5447,26720.55642,2021-02-14 05:31:49Z
718867,624-06-2107,650-63-6154,101663.1207,2021-05-10 21:29:52Z
825182,534-06-7335,875-13-4278,164823.2324,2021-04-13 08:51:10Z
509453,246-87-3132,566-83-8044,21584.11508,2021-01-15 21:13:24Z
590931,434-24-5776,532-16-1750,129805.8451,2021-01-14 15:41:22Z
335610,062-18-1716,683-00-5812,49601.79606,2021-04-25 08:24:26Z
443953,762-54-2442,060-21-3317,127698.8223,2021-03-16 12:29:05Z
867863,174-15-3773,611-71-0203,175367.2437,2021-05-07 00:01:32Z
727129,305-46-6381,820-62-2326,117456.6307,2021-01-31 20:51:56Z
124282,736-31-5657,402-45-6427,101280.0099,2021-02-23 09:55:41Z
344096,745-50-1433,827-22-6062,67274.09036,2021-04-13 10:26:46Z
566506,830-52-1651,624-06-2107,135059.8232,2021-07-12 20:55:36Z
602545,338-58-3601,534-06-7335,73811.59678,2021-06-20 15:30:45Z
962411,248-16-4677,246-87-3132,72885.45483,2021-05-14 20:17:28Z
938204,228-00-7826,434-24-5776,103312.0533,2021-04-13 02:19:13Z
860016,576-22-2236,062-18-1716,104768.667,2021-08-31 09:55:09Z
972459,025-44-7058,762-54-2442,50801.27422,2021-04-16 02:54:06Z
112829,236-84-3454,174-15-3773,47986.61983,2021-01-23 02:25:05Z
345709,600-23-4656,305-46-6381,100422.0975,2021-01-25 15:10:05Z
865944,871-10-4712,736-31-5657,150797.3666,2021-06-30 21:15:08Z
976712,785-65-8200,745-50-1433,181004.6289,2021-02-18 20:23:21Z
344516,048-82-5416,830-52-1651,189437.0918,2021-01-04 10:54:38Z
625186,483-67-1026,338-58-3601,140137.3574,2021-06-26 06:22:19Z
738037,525-77-1330,248-16-4677,83410.00317,2021-07-16 22:07:50Z
389629,045-61-4184,228-00-7826,103661.7694,2021-08-01 05:54:08Z
235673,050-61-7466,576-22-2236,61301.13784,2021-01-31 04:30:45Z
770930,855-21-8447,025-44-7058,191081.3802,2021-02-09 21:26:33Z
556159,886-51-1363,236-84-3454,119199.7937,2021-02-14 03:20:13Z
475341,088-56-6634,600-23-4656,74939.98409,2021-06-10 00:51:57Z
960735,883-66-3870,871-10-4712,197233.4593,2021-02-18 22:10:54Z
479781,423-13-4375,785-65-8200,144690.5341,2021-02-08 01:08:21Z
728358,262-68-1121,048-82-5416,106794.1471,2021-03-25 17:38:17Z
615695,560-48-1425,483-67-1026,43751.92028,2021-02-24 15:38:55Z
444682,415-36-3166,525-77-1330,131255.2389,2021-01-11 12:42:14Z
747525,272-72-6427,045-61-4184,51845.61415,2021-04-20 10:48:24Z
130284,705-77-5861,050-61-7466,70901.24049,2021-06-03 14:24:19Z
217392,726-55-0272,855-21-8447,30258.33365,2021-01-31 07:33:30Z
803571,738-62-1855,886-51-1363,79764.18235,2021-09-03 15:52:36Z
664251,241-68-2480,088-56-6634,168338.1179,2021-02-02 03:41:58Z
448852,535-50-6535,883-66-3870,176536.2088,2021-04-03 02:56:44Z
367542,145-15-6482,423-13-4375,42764.83401,2021-04-27 12:38:13Z
376690,566-64-8428,262-68-1121,143493.8386,2021-02-13 20:49:48Z
349748,430-15-6024,560-48-1425,11659.25046,2021-08-25 08:14:02Z
123758,653-40-1765,415-36-3166,31810.90278,2021-06-06 14:25:53Z
596915,178-66-4118,272-72-6427,45893.57796,2021-05-14 16:23:19Z
332276,852-00-8323,705-77-5861,140997.9573,2021-01-29 17:05:56Z
180304,514-65-8714,726-55-0272,179454.8087,2021-02-04 17:49:07Z
925227,878-10-8537,738-62-1855,124178.0662,2021-02-15 11:07:53Z
315024,646-01-7012,241-68-2480,108934.7365,2021-08-06 03:44:58Z
406803,714-20-8170,535-50-6535,57944.71324,2021-02-28 03:55:06Z
242376,882-04-1325,145-15-6482,57757.65241,2021-08-31 08:22:17Z
520107,844-30-2613,566-64-8428,14027.19378,2021-06-21 16:35:42Z
532541,258-61-0744,430-15-6024,153841.6412,2021-08-04 19:10:29Z
277193,546-81-4528,653-40-1765,103473.5775,2021-05-08 19:26:46Z
866079,562-02-6725,178-66-4118,76411.71915,2021-03-10 18:24:17Z
422270,827-07-0132,852-00-8323,151959.2465,2021-08-24 20:58:38Z
688981,888-78-1742,514-65-8714,71660.06915,2021-04-26 11:54:00Z
270982,072-25-7603,878-10-8537,71300.34374,2021-02-10 16:49:12Z
816535,567-41-5342,646-01-7012,41630.86256,2021-07-07 08:15:11Z
509439,576-44-1300,714-20-8170,91328.15569,2021-01-24 10:38:24Z
309549,211-84-4005,882-04-1325,1761.020911,2021-07-26 21:51:38Z
983621,684-88-2707,844-30-2613,83479.29814,2021-06-08 05:41:52Z
750045,256-10-2086,258-61-0744,127252.6505,2021-05-04 22:58:26Z
822950,802-72-0825,546-81-4528,58454.64489,2021-03-19 10:30:48Z
942424,857-13-2148,562-02-6725,87561.77886,2021-01-30 07:55:16Z
642634,426-78-2440,827-07-0132,121319.1548,2021-06-10 07:41:15Z
877932,833-10-4215,888-78-1742,45472.40253,2021-06-26 07:57:08Z
301703,724-64-0000,072-25-7603,79754.48537,2021-09-06 15:04:42Z
181550,513-53-4378,567-41-5342,182809.7392,2021-09-06 04:35:37Z
173107,726-25-8582,576-44-1300,172271.5282,2021-03-29 14:20:52Z
304415,211-26-8460,211-84-4005,118690.4705,2021-02-17 12:38:41Z
100710,140-01-8617,684-88-2707,12610.53277,2021-08-13 20:10:31Z
597070,671-30-0017,256-10-2086,50681.10672,2021-01-16 16:41:12Z
981287,027-30-2606,802-72-0825,140339.0991,2021-06-18 11:45:08Z
841376,406-42-0705,857-13-2148,62930.09468,2021-05-05 20:24:16Z
497313,332-18-5087,426-78-2440,65307.32281,2021-06-27 04:46:26Z
137545,673-72-3828,833-10-4215,108049.3424,2021-07-06 19:04:51Z
598904,866-20-8743,724-64-0000,36398.18335,2021-03-05 04:41:40Z
639308,266-30-3668,513-53-4378,178092.5472,2021-03-04 02:52:04Z
159128,435-57-2316,726-25-8582,111063.627,2021-07-01 22:29:41Z
275184,885-18-6760,211-26-8460,148253.3261,2021-08-30 06:36:49Z
763494,561-13-2636,140-01-8617,112099.9383,2021-04-19 00:42:41Z
224608,574-27-2386,671-30-0017,82675.0522,2021-08-25 20:20:19Z
599359,736-32-4742,027-30-2606,1718.48979,2021-06-30 03:42:27Z
471776,034-82-4477,406-42-0705,188441.5867,2021-06-26 08:06:51Z
531802,338-58-6732,332-18-5087,32472.14743,2021-04-10 11:43:20Z
138614,431-70-1077,673-72-3828,13876.94311,2021-03-10 10:16:51Z
425445,281-25-1765,866-20-8743,61237.43824,2021-03-12 18:58:01Z
902242,625-82-2217,266-30-3668,94213.91786,2021-08-14 20:45:54Z
786853,312-78-2310,435-57-2316,81381.61199,2021-05-28 01:41:20Z
212140,430-04-5447,885-18-6760,163945.062,2021-06-14 09:45:47Z
239339,650-63-6154,561-13-2636,158981.4723,2021-03-09 22:42:33Z
512034,875-13-4278,574-27-2386,137666.2994,2021-03-17 19:00:26Z
401975,566-83-8044,736-32-4742,65883.20028,2021-08-19 11:25:02Z
306127,532-16-1750,034-82-4477,47829.46603,2021-02-11 11:19:50Z
984128,683-00-5812,338-58-6732,24884.38915,2021-01-15 16:48:17Z
133646,060-21-3317,431-70-1077,117318.3247,2021-02-17 10:50:05Z
427464,611-71-0203,281-25-1765,145472.0089,2021-05-28 10:51:38Z
988777,820-62-2326,625-82-2217,10643.15327,2021-05-19 22:15:00Z
189634,402-45-6427,312-78-2310,100873.7948,2021-08-25 01:53:11Z
105453,827-22-6062,430-04-5447,34061.51152,2021-01-26 17:36:03Z
916581,624-06-2107,566-83-8044,182586.6999,2021-03-18 16:41:02Z
326411,534-06-7335,532-16-1750,23731.87804,2021-01-30 15:11:43Z
699145,246-87-3132,566-83-8044,87991.4842,2021-04-18 15:46:46Z
711685,434-24-5776,532-16-1750,159550.6508,2021-04-29 17:45:29Z
245857,062-18-1716,650-63-6154,139253.1401,2021-05-16 05:27:55Z
690984,762-54-2442,875-13-4278,138095.1595,2021-03-18 03:13:23Z
842046,174-15-3773,566-83-8044,30257.08992,2021-08-18 18:25:58Z
206666,305-46-6381,532-16-1750,56644.54568,2021-05-19 10:15:54Z
828894,736-31-5657,683-00-5812,39171.75542,2021-04-19 16:10:39Z
594699,745-50-1433,060-21-3317,10441.79261,2021-05-17 01:51:21Z
786146,830-52-1651,611-71-0203,153980.9146,2021-04-30 14:04:01Z
862091,338-58-3601,820-62-2326,66080.76503,2021-08-29 04:46:31Z
432679,248-16-4677,402-45-6427,159172.693,2021-02-27 11:27:25Z
394255,228-00-7826,827-22-6062,166720.4204,2021-03-16 08:44:01Z
260346,576-22-2236,624-06-2107,30712.54975,2021-08-05 18:33:57Z
817655,025-44-7058,534-06-7335,137616.8576,2021-06-27 08:52:30Z
967452,236-84-3454,246-87-3132,76910.09385,2021-09-06 22:36:27Z
391510,600-23-4656,434-24-5776,63084.91546,2021-03-22 09:06:09Z
314925,871-10-4712,062-18-1716,131843.7275,2021-08-05 04:55:18Z
548252,785-65-8200,762-54-2442,55857.6799,2021-07-30 12:42:57Z
448796,048-82-5416,174-15-3773,25475.27895,2021-07-16 01:29:49Z
723137,483-67-1026,305-46-6381,136090.4624,2021-05-26 00:56:11Z
810539,525-77-1330,736-31-5657,137497.4888,2021-07-30 17:30:19Z
941047,045-61-4184,745-50-1433,79025.85184,2021-03-12 22:31:17Z
693192,050-61-7466,830-52-1651,85102.85251,2021-08-02 10:51:41Z
290130,855-21-8447,338-58-3601,41093.78904,2021-07-15 04:53:30Z
141750,886-51-1363,248-16-4677,1151.24125,2021-08-24 19:47:38Z
369887,088-56-6634,228-00-7826,74010.91319,2021-06-26 20:45:05Z
411964,883-66-3870,576-22-2236,29280.14008,2021-07-17 20:33:22Z
396824,423-13-4375,025-44-7058,61272.202,2021-07-31 14:10:01Z
424282,262-68-1121,236-84-3454,90822.86812,2021-02-05 20:01:01Z
690133,560-48-1425,600-23-4656,178570.8766,2021-04-19 11:21:57Z
630620,415-36-3166,871-10-4712,87553.57139,2021-04-17 20:04:44Z
587442,272-72-6427,785-65-8200,10340.75986,2021-04-21 12:55:28Z
130048,705-77-5861,048-82-5416,66021.92243,2021-02-12 09:09:53Z
403651,726-55-0272,483-67-1026,39479.44593,2021-07-28 02:12:11Z
475034,738-62-1855,525-77-1330,131868.9279,2021-06-18 16:18:38Z
907356,241-68-2480,045-61-4184,23994.81878,2021-05-26 16:06:54Z
930406,535-50-6535,050-61-7466,55346.37765,2021-05-20 15:06:37Z
989843,145-15-6482,855-21-8447,172181.3999,2021-08-16 01:13:32Z
401513,566-64-8428,886-51-1363,31414.59964,2021-06-15 00:34:09Z
971811,430-15-6024,088-56-6634,28658.89063,2021-02-01 20:04:14Z
492624,653-40-1765,883-66-3870,3840.13319,2021-02-01 11:50:09Z
359947,178-66-4118,423-13-4375,73233.82133,2021-08-11 04:06:25Z
410063,852-00-8323,262-68-1121,8637.755316,2021-08-25 21:46:37Z
429746,514-65-8714,560-48-1425,185812.1396,2021-05-02 17:10:12Z
831772,878-10-8537,415-36-3166,80564.74935,2021-08-12 12:24:19Z
966109,646-01-7012,272-72-6427,27623.86958,2021-02-01 02:46:35Z
559965,714-20-8170,705-77-5861,66823.04573,2021-01-23 21:54:38Z
839993,882-04-1325,726-55-0272,81290.04627,2021-03-22 18:15:57Z
490044,844-30-2613,738-62-1855,38999.30349,2021-07-16 13:26:19Z
688608,258-61-0744,241-68-2480,179016.4765,2021-07-14 11:43:26Z
481824,546-81-4528,535-50-6535,154804.8302,2021-09-03 14:20:46Z
838930,562-02-6725,145-15-6482,90927.49409,2021-06-05 00:00:34Z
179390,827-07-0132,566-64-8428,127788.764,2021-03-23 15:52:48Z
374196,888-78-1742,430-15-6024,356.232777,2021-04-29 05:44:08Z
256024,072-25-7603,653-40-1765,127546.7442,2021-06-20 07:35:27Z
779152,567-41-5342,178-66-4118,153075.6683,2021-04-02 17:08:52Z
940148,576-44-1300,852-00-8323,57976.51305,2021-03-03 22:28:03Z
555798,211-84-4005,514-65-8714,161888.6323,2021-07-17 21:38:00Z
328074,684-88-2707,878-10-8537,7393.322328,2021-04-23 12:16:26Z
967101,256-10-2086,646-01-7012,65263.52495,2021-03-26 01:21:24Z
456969,802-72-0825,714-20-8170,155461.4519,2021-04-06 18:55:00Z
247784,857-13-2148,882-04-1325,72978.51911,2021-05-17 05:17:16Z
765126,426-78-2440,844-30-2613,163147.8254,2021-08-05 04:46:48Z
188268,833-10-4215,258-61-0744,101900.0751,2021-06-27 21:25:46Z
588846,724-64-0000,546-81-4528,26033.07457,2021-01-09 01:35:00Z
735606,513-53-4378,562-02-6725,190093.8451,2021-05-28 04:44:34Z
952370,726-25-8582,827-07-0132,96596.25348,2021-08-01 17:00:13Z
367101,211-26-8460,888-78-1742,251.6972355,2021-03-26 02:56:53Z
124757,140-01-8617,072-25-7603,164820.6448,2021-09-01 15:44:12Z
645226,671-30-0017,567-41-5342,159052.7465,2021-03-09 11:48:04Z
382898,027-30-2606,576-44-1300,74139.54083,2021-07-27 08:32:07Z
859105,406-42-0705,211-84-4005,131151.0442,2021-02-22 05:11:53Z
899568,332-18-5087,684-88-2707,20433.0208,2021-03-22 03:05:16Z
466152,673-72-3828,256-10-2086,49715.92038,2021-07-28 20:16:10Z
901045,866-20-8743,802-72-0825,139063.1992,2021-01-28 05:33:58Z
527981,266-30-3668,857-13-2148,118570.5404,2021-01-29 14:17:23Z
609570,435-57-2316,426-78-2440,141574.7884,2021-06-09 01:00:30Z
216266,885-18-6760,833-10-4215,45620.72687,2021-06-28 01:42:51Z
452319,561-13-2636,724-64-0000,114986.2001,2021-03-21 22:17:55Z
160936,574-27-2386,513-53-4378,174772.4472,2021-03-30 22:42:35Z
133431,736-32-4742,726-25-8582,15480.38561,2021-05-08 01:07:05Z
617214,034-82-4477,211-26-8460,195029.2914,2021-05-05 11:24:28Z
448841,338-58-6732,140-01-8617,171605.2913,2021-08-22 18:34:29Z
790368,431-70-1077,671-30-0017,94457.3088,2021-04-14 08:28:07Z
742706,281-25-1765,027-30-2606,43195.18479,2021-06-01 22:17:02Z
218876,625-82-2217,406-42-0705,138381.7699,2021-04-06 19:19:00Z
777865,312-78-2310,332-18-5087,97748.35362,2021-04-13 12:24:52Z
412341,430-04-5447,673-72-3828,11226.48966,2021-02-01 20:24:45Z
979897,650-63-6154,866-20-8743,178065.5996,2021-07-22 15:09:29Z
922898,875-13-4278,266-30-3668,129988.9284,2021-04-06 08:20:27Z
810781,566-83-8044,435-57-2316,40762.27624,2021-04-13 04:23:16Z
265495,532-16-1750,885-18-6760,107128.8753,2021-08-05 14:05:11Z
960234,683-00-5812,561-13-2636,133935.9878,2021-04-12 13:47:02Z
563104,060-21-3317,574-27-2386,35055.39566,2021-06-29 04:27:21Z
705737,611-71-0203,736-32-4742,167024.2254,2021-07-24 22:06:16Z
561114,820-62-2326,034-82-4477,65155.57438,2021-03-26 11:57:46Z
769026,402-45-6427,338-58-6732,113227.112,2021-08-30 13:03:01Z
927925,827-22-6062,431-70-1077,121344.1497,2021-03-16 19:06:40Z
813514,624-06-2107,281-25-1765,19383.41524,2021-04-05 06:11:39Z
108861,534-06-7335,625-82-2217,113416.6443,2021-06-26 02:54:41Z
493354,246-87-3132,312-78-2310,9971.751367,2021-02-15 22:23:41Z
256691,434-24-5776,430-04-5447,157782.1584,2021-06-28 01:31:55Z
330218,062-18-1716,312-78-2310,23965.24105,2021-05-18 10:01:00Z
847132,762-54-2442,430-04-5447,133539.7408,2021-03-23 01:09:45Z
259312,174-15-3773,312-78-2310,96494.25068,2021-05-29 22:05:47Z
787703,305-46-6381,312-78-2310,65509.61902,2021-02-14 17:05:20Z
135188,736-31-5657,430-04-5447,24442.61696,2021-05-13 20:50:33Z
121724,745-50-1433,650-63-6154,79058.6914,2021-01-14 21:02:45Z
308063,830-52-1651,875-13-4278,110391.405,2021-07-06 03:35:33Z
655877,338-58-3601,566-83-8044,56338.91691,2021-01-13 02:41:58Z
182404,248-16-4677,532-16-1750,97840.48194,2021-08-23 19:36:58Z
591076,228-00-7826,683-00-5812,39229.89524,2021-01-09 06:16:52Z
599673,576-22-2236,060-21-3317,92243.86565,2021-05-22 07:00:11Z
382100,025-44-7058,611-71-0203,41576.05346,2021-07-05 11:38:31Z
446926,236-84-3454,820-62-2326,14373.4278,2021-05-23 09:49:25Z
386982,600-23-4656,402-45-6427,35286.64211,2021-09-06 20:29:51Z
881754,871-10-4712,827-22-6062,94470.21032,2021-08-26 13:33:21Z
824628,785-65-8200,624-06-2107,78297.46536,2021-07-23 01:07:55Z
354762,048-82-5416,534-06-7335,161997.84,2021-08-16 19:45:54Z
168561,483-67-1026,246-87-3132,146981.9061,2021-07-22 06:18:02Z
325134,525-77-1330,434-24-5776,82843.2141,2021-02-24 14:13:09Z
719350,045-61-4184,062-18-1716,110989.3874,2021-01-20 21:10:09Z
788313,050-61-7466,762-54-2442,52567.42736,2021-08-27 22:54:54Z
571722,855-21-8447,174-15-3773,90486.37179,2021-03-13 18:19:34Z
732061,886-51-1363,305-46-6381,57607.30717,2021-09-05 14:02:31Z
559909,088-56-6634,736-31-5657,182296.3742,2021-04-03 14:25:30Z
496632,883-66-3870,745-50-1433,64483.46034,2021-06-15 08:23:29Z
923414,423-13-4375,830-52-1651,114815.286,2021-05-31 07:55:43Z
682683,262-68-1121,338-58-3601,118337.5948,2021-02-04 15:58:20Z
284810,560-48-1425,248-16-4677,183909.097,2021-02-09 14:48:02Z
191087,415-36-3166,228-00-7826,171455.4862,2021-08-29 20:57:29Z
604494,272-72-6427,576-22-2236,69006.19726,2021-03-21 16:21:26Z
917268,705-77-5861,025-44-7058,106496.5047,2021-08-01 10:42:51Z
749577,726-55-0272,236-84-3454,117735.9621,2021-05-15 22:16:28Z
957437,738-62-1855,600-23-4656,41159.64119,2021-05-18 15:15:51Z
617571,241-68-2480,871-10-4712,66564.6133,2021-05-10 21:19:33Z
823691,535-50-6535,785-65-8200,99688.10059,2021-02-03 21:51:36Z
670372,145-15-6482,048-82-5416,120631.3637,2021-08-21 09:45:13Z
222278,566-64-8428,483-67-1026,79024.39608,2021-09-02 22:15:22Z
458940,430-15-6024,525-77-1330,99619.62852,2021-04-13 08:58:21Z
629533,653-40-1765,045-61-4184,99050.50372,2021-02-09 09:36:07Z
666281,178-66-4118,050-61-7466,167624.9112,2021-01-21 19:32:33Z
654517,852-00-8323,855-21-8447,49493.76487,2021-08-19 16:34:54Z
289791,514-65-8714,886-51-1363,153554.2734,2021-06-04 11:55:54Z
298763,878-10-8537,088-56-6634,183055.0286,2021-05-10 17:17:58Z
409833,646-01-7012,883-66-3870,159794.6348,2021-04-27 18:01:38Z
419531,714-20-8170,423-13-4375,79942.33543,2021-07-26 02:05:50Z
441688,882-04-1325,262-68-1121,168904.9704,2021-02-28 15:19:51Z
511916,844-30-2613,560-48-1425,122231.3579,2021-07-08 03:42:41Z
618585,258-61-0744,415-36-3166,106359.5019,2021-02-28 18:19:29Z
895260,546-81-4528,272-72-6427,17021.86942,2021-06-29 09:51:12Z
666149,562-02-6725,705-77-5861,58317.50003,2021-02-03 22:03:01Z
394769,827-07-0132,726-55-0272,41768.26737,2021-08-06 18:50:48Z
533307,888-78-1742,738-62-1855,1097.741604,2021-05-03 16:41:03Z
493310,072-25-7603,241-68-2480,77694.76764,2021-05-01 17:24:36Z
247395,567-41-5342,535-50-6535,195102.3193,2021-05-19 00:49:20Z
871772,576-44-1300,145-15-6482,36398.83825,2021-01-23 07:26:54Z
274293,211-84-4005,566-64-8428,7954.46572,2021-05-14 17:46:41Z
674297,684-88-2707,430-15-6024,185143.5281,2021-04-12 17:09:30Z
369956,256-10-2086,653-40-1765,145035.9008,2021-06-24 14:49:42Z
261229,802-72-0825,178-66-4118,183025.7748,2021-03-01 11:41:06Z
253767,857-13-2148,852-00-8323,43381.89325,2021-04-02 21:43:40Z
221457,426-78-2440,514-65-8714,156229.0972,2021-06-08 11:50:37Z
619447,833-10-4215,878-10-8537,146394.0896,2021-03-15 08:11:53Z
684674,724-64-0000,646-01-7012,123916.7384,2021-05-03 13:18:36Z
176722,513-53-4378,714-20-8170,147769.3752,2021-05-22 19:23:36Z
785619,726-25-8582,882-04-1325,89725.82594,2021-04-14 22:02:43Z
682220,211-26-8460,844-30-2613,149901.6764,2021-06-30 16:16:05Z
195878,140-01-8617,258-61-0744,190837.0472,2021-03-25 10:31:11Z
575102,671-30-0017,546-81-4528,56668.95903,2021-08-07 11:39:54Z
996576,027-30-2606,562-02-6725,34610.31193,2021-01-28 03:30:58Z
764936,406-42-0705,827-07-0132,183951.1095,2021-03-19 07:18:26Z
623357,332-18-5087,888-78-1742,104932.2901,2021-07-16 11:33:36Z
233537,673-72-3828,072-25-7603,167007.8184,2021-01-18 07:49:42Z
909323,866-20-8743,567-41-5342,179843.4481,2021-01-18 19:29:09Z
995007,266-30-3668,576-44-1300,118363.386,2021-06-13 18:15:11Z
374522,435-57-2316,211-84-4005,27834.37299,2021-01-22 14:58:36Z
738146,885-18-6760,684-88-2707,123208.186,2021-04-25 04:54:58Z
357928,561-13-2636,256-10-2086,16356.06708,2021-02-06 03:18:14Z
321148,574-27-2386,802-72-0825,27136.58574,2021-08-15 21:37:06Z
264401,736-32-4742,857-13-2148,76844.0815,2021-01-13 01:17:53Z
981109,034-82-4477,426-78-2440,72076.22826,2021-01-04 17:42:43Z
906237,338-58-6732,833-10-4215,155368.3837,2021-08-18 06:02:39Z
700582,431-70-1077,724-64-0000,141180.1024,2021-05-27 19:51:47Z
844058,281-25-1765,513-53-4378,105919.7159,2021-01-29 13:28:52Z
721554,625-82-2217,726-25-8582,194614.1543,2021-03-18 13:06:46Z
905812,312-78-2310,211-26-8460,41619.3689,2021-07-05 06:38:09Z
443857,430-04-5447,140-01-8617,181456.2128,2021-02-12 15:34:55Z
536308,650-63-6154,671-30-0017,81779.29719,2021-08-26 05:15:04Z
559147,875-13-4278,027-30-2606,166590.2184,2021-06-19 02:08:31Z
233718,566-83-8044,406-42-0705,188079.0256,2021-08-06 11:48:25Z
381036,532-16-1750,332-18-5087,141217.9446,2021-09-05 06:47:14Z
477737,683-00-5812,673-72-3828,167801.2168,2021-08-01 16:19:23Z
626741,060-21-3317,866-20-8743,124372.6572,2021-08-30 08:08:06Z
692105,611-71-0203,266-30-3668,61634.42547,2021-07-05 01:53:13Z
436941,820-62-2326,435-57-2316,151789.818,2021-04-17 22:32:37Z
900375,402-45-6427,885-18-6760,184051.73,2021-06-06 02:39:52Z
992259,827-22-6062,561-13-2636,190544.2062,2021-04-11 16:27:06Z
253221,624-06-2107,574-27-2386,75073.36393,2021-03-27 02:28:56Z
498875,534-06-7335,736-32-4742,1901.106686,2021-04-27 01:47:43Z
624299,246-87-3132,034-82-4477,153731.0747,2021-06-15 18:35:58Z
323122,434-24-5776,338-58-6732,113714.438,2021-06-18 02:30:23Z
175267,062-18-1716,431-70-1077,190094.8169,2021-03-14 11:38:43Z
986640,762-54-2442,281-25-1765,113978.6107,2021-05-08 11:11:40Z
388940,174-15-3773,625-82-2217,38506.74467,2021-03-23 02:57:24Z
939991,305-46-6381,312-78-2310,126099.0518,2021-09-06 02:49:34Z
251361,736-31-5657,430-04-5447,118432.0492,2021-01-07 22:03:03Z
972174,745-50-1433,875-13-4278,168090.6862,2021-05-04 07:27:56Z
546019,830-52-1651,566-83-8044,148951.2427,2021-06-06 03:02:22Z
179506,338-58-3601,875-13-4278,16473.53539,2021-03-27 11:08:14Z
216235,248-16-4677,566-83-8044,45107.8563,2021-08-20 19:23:18Z
294769,228-00-7826,875-13-4278,85393.53109,2021-07-28 09:54:24Z
846521,576-22-2236,566-83-8044,145616.293,2021-04-23 12:54:02Z
896668,025-44-7058,650-63-6154,155198.6148,2021-02-12 16:46:18Z
661268,236-84-3454,875-13-4278,14498.39313,2021-07-29 14:15:47Z
688584,600-23-4656,566-83-8044,4887.420142,2021-08-05 05:02:45Z
862508,871-10-4712,532-16-1750,71946.8977,2021-02-09 18:23:58Z
368348,785-65-8200,683-00-5812,172613.9339,2021-06-04 16:16:27Z
550935,048-82-5416,060-21-3317,199491.7784,2021-01-13 08:04:33Z
678237,483-67-1026,611-71-0203,51354.41911,2021-06-10 05:16:27Z
215276,525-77-1330,820-62-2326,130156.8089,2021-02-05 13:58:17Z
359538,045-61-4184,402-45-6427,27570.47342,2021-07-01 10:09:03Z
413199,050-61-7466,827-22-6062,159208.1075,2021-01-10 17:39:57Z
935593,855-21-8447,624-06-2107,179500.5794,2021-09-02 12:02:05Z
857291,886-51-1363,534-06-7335,8963.467296,2021-06-14 06:48:34Z
886216,088-56-6634,246-87-3132,111478.5896,2021-02-28 20:50:46Z
640218,883-66-3870,434-24-5776,63316.37609,2021-03-01 08:41:53Z
417402,423-13-4375,062-18-1716,32262.12703,2021-04-14 02:53:13Z
323773,262-68-1121,762-54-2442,135147.6319,2021-01-14 02:21:32Z
591965,560-48-1425,174-15-3773,189439.6051,2021-02-17 03:16:54Z
396959,415-36-3166,305-46-6381,161581.8668,2021-02-01 04:58:03Z
630419,272-72-6427,736-31-5657,72428.75722,2021-08-22 21:31:19Z
217710,705-77-5861,745-50-1433,17559.04372,2021-01-05 04:28:04Z
866194,726-55-0272,830-52-1651,40897.05222,2021-01-23 14:09:23Z
334320,738-62-1855,338-58-3601,149745.9757,2021-05-30 21:34:20Z
218615,241-68-2480,248-16-4677,98659.72013,2021-08-08 09:03:46Z
163090,535-50-6535,228-00-7826,32929.57342,2021-07-02 00:31:22Z
662327,145-15-6482,576-22-2236,62804.72146,2021-09-06 03:53:31Z
136960,566-64-8428,025-44-7058,189890.5735,2021-07-07 22:26:29Z
307604,430-15-6024,236-84-3454,162139.7107,2021-08-19 16:44:13Z
802030,653-40-1765,600-23-4656,147104.3691,2021-02-03 12:46:41Z
162341,178-66-4118,871-10-4712,170399.355,2021-07-28 12:49:10Z
487578,852-00-8323,785-65-8200,137599.4397,2021-05-19 06:33:39Z
835256,514-65-8714,048-82-5416,175641.9283,2021-01-07 18:37:56Z
146543,878-10-8537,483-67-1026,87144.83499,2021-07-03 13:14:46Z
282662,646-01-7012,525-77-1330,62327.5777,2021-02-23 12:02:46Z
922519,714-20-8170,045-61-4184,115481.8087,2021-01-13 08:45:58Z
137980,882-04-1325,050-61-7466,139450.2064,2021-02-25 13:47:17Z
889601,844-30-2613,855-21-8447,84010.64414,2021-03-10 04:37:04Z
385250,258-61-0744,886-51-1363,36336.42686,2021-06-07 09:37:25Z
533607,546-81-4528,088-56-6634,146068.6798,2021-06-20 16:47:10Z
162638,562-02-6725,883-66-3870,112923.8259,2021-08-01 18:28:17Z
147227,827-07-0132,423-13-4375,319.78666,2021-01-16 05:06:51Z
461426,888-78-1742,262-68-1121,34735.34675,2021-04-19 20:17:11Z
957729,072-25-7603,560-48-1425,140423.9307,2021-02-27 04:35:32Z
735798,567-41-5342,415-36-3166,148990.0843,2021-03-21 05:00:51Z
821247,576-44-1300,272-72-6427,186081.7492,2021-01-17 01:31:34Z
981836,211-84-4005,705-77-5861,115686.8209,2021-04-09 02:07:07Z
895108,684-88-2707,726-55-0272,33864.24474,2021-06-09 21:46:02Z
344838,256-10-2086,738-62-1855,113464.0133,2021-03-06 02:24:15Z
451084,802-72-0825,241-68-2480,128237.3631,2021-06-10 12:46:38Z
170158,857-13-2148,535-50-6535,155709.0303,2021-08-16 07:47:56Z
723000,426-78-2440,145-15-6482,4917.439405,2021-07-03 13:31:32Z
464792,833-10-4215,566-64-8428,37519.81387,2021-02-18 17:15:58Z
414588,724-64-0000,430-15-6024,122416.5685,2021-06-10 17:13:42Z
845088,513-53-4378,653-40-1765,156948.3756,2021-01-16 13:26:47Z
231962,726-25-8582,178-66-4118,164792.0561,2021-07-28 17:16:34Z
142884,211-26-8460,852-00-8323,177657.373,2021-02-11 07:58:04Z
647787,140-01-8617,514-65-8714,153182.6529,2021-03-06 22:50:34Z
956385,671-30-0017,878-10-8537,137094.1482,2021-03-23 00:06:16Z
818391,027-30-2606,646-01-7012,137983.8862,2021-01-27 00:35:09Z
466323,406-42-0705,714-20-8170,10230.41081,2021-07-26 12:41:17Z
609992,332-18-5087,882-04-1325,193285.3573,2021-03-18 10:36:00Z
522023,673-72-3828,844-30-2613,172914.8708,2021-03-11 19:48:50Z
850314,866-20-8743,258-61-0744,92414.20404,2021-04-06 13:44:43Z
244340,266-30-3668,546-81-4528,136548.9609,2021-08-16 20:28:36Z
212213,435-57-2316,562-02-6725,78478.04286,2021-04-15 07:05:11Z
682564,885-18-6760,827-07-0132,90412.3731,2021-08-05 12:03:26Z
941092,561-13-2636,888-78-1742,112341.5977,2021-02-05 12:54:17Z
258985,574-27-2386,072-25-7603,121711.9324,2021-06-01 02:38:28Z
589332,736-32-4742,567-41-5342,121579.2686,2021-08-01 00:55:05Z
132213,034-82-4477,576-44-1300,138713.909,2021-01-31 08:48:48Z
531885,338-58-6732,211-84-4005,149642.9901,2021-03-02 19:17:28Z
226127,431-70-1077,684-88-2707,136884.8086,2021-08-08 16:17:01Z
860225,281-25-1765,256-10-2086,49317.48111,2021-06-01 08:27:31Z
583608,625-82-2217,802-72-0825,115317.8364,2021-03-29 13:03:20Z
247176,312-78-2310,857-13-2148,163538.6368,2021-01-13 01:54:45Z
789451,430-04-5447,426-78-2440,169089.267,2021-08-03 00:02:29Z
167030,650-63-6154,833-10-4215,138515.3096,2021-02-19 05:46:12Z
807509,875-13-4278,724-64-0000,114289.6405,2021-08-11 05:15:54Z
911177,566-83-8044,513-53-4378,75766.73768,2021-07-09 00:56:36Z
828021,532-16-1750,726-25-8582,56324.72593,2021-03-19 11:00:42Z
220515,683-00-5812,211-26-8460,52296.86076,2021-04-07 08:26:51Z
502076,060-21-3317,140-01-8617,158382.6083,2021-06-01 02:36:53Z
841645,611-71-0203,671-30-0017,92198.6561,2021-03-27 01:42:54Z
626778,820-62-2326,027-30-2606,100522.4232,2021-02-25 12:54:13Z
150843,402-45-6427,406-42-0705,133682.4861,2021-08-27 12:20:50Z
587489,827-22-6062,332-18-5087,187911.2162,2021-02-11 18:19:36Z
320413,624-06-2107,673-72-3828,97665.86968,2021-05-30 18:09:38Z
122875,534-06-7335,866-20-8743,180432.6344,2021-01-17 10:28:36Z
518691,246-87-3132,266-30-3668,95500.68177,2021-03-31 19:23:57Z
630873,434-24-5776,435-57-2316,42435.75755,2021-08-28 13:26:10Z
775928,062-18-1716,885-18-6760,118696.0559,2021-03-01 22:27:11Z
716320,762-54-2442,561-13-2636,59799.13769,2021-06-06 05:10:02Z
705075,174-15-3773,574-27-2386,13012.78632,2021-04-15 16:26:36Z
372455,305-46-6381,736-32-4742,103682.1238,2021-01-07 02:07:43Z
584640,736-31-5657,034-82-4477,65765.90786,2021-08-15 07:32:38Z
387439,745-50-1433,338-58-6732,141976.4146,2021-06-30 02:22:18Z
102123,830-52-1651,431-70-1077,97947.79122,2021-05-08 16:47:49Z
898919,338-58-3601,281-25-1765,119981.8963,2021-03-18 16:34:00Z
636023,248-16-4677,625-82-2217,141720.381,2021-04-22 16:20:46Z
776912,228-00-7826,312-78-2310,145253.882,2021-05-04 21:33:21Z
148968,576-22-2236,430-04-5447,33702.66398,2021-08-31 00:15:34Z
338607,025-44-7058,745-50-1433,174432.2141,2021-01-30 08:18:19Z
709755,236-84-3454,830-52-1651,196786.0777,2021-04-27 11:03:41Z
652978,600-23-4656,745-50-1433,80258.77787,2021-02-04 13:48:10Z
571140,871-10-4712,830-52-1651,8942.632481,2021-08-06 22:19:48Z
948559,785-65-8200,745-50-1433,186350.6329,2021-03-24 11:37:56Z
816101,048-82-5416,830-52-1651,7074.038202,2021-06-01 13:55:50Z
881958,483-67-1026,650-63-6154,166512.5579,2021-02-01 07:28:39Z
965101,525-77-1330,875-13-4278,129524.2734,2021-05-25 21:52:49Z
604430,045-61-4184,566-83-8044,61672.10891,2021-08-23 12:02:09Z
950716,050-61-7466,532-16-1750,164888.5991,2021-02-20 03:42:37Z
982067,855-21-8447,683-00-5812,102358.9124,2021-06-25 12:03:50Z
510313,886-51-1363,060-21-3317,75339.68935,2021-01-14 11:15:45Z
151816,088-56-6634,611-71-0203,174357.1736,2021-05-27 14:40:18Z
651702,883-66-3870,820-62-2326,49850.39897,2021-06-27 05:38:51Z
901208,423-13-4375,402-45-6427,82887.17882,2021-01-10 21:45:43Z
239063,262-68-1121,827-22-6062,185946.603,2021-07-30 15:50:23Z
783245,560-48-1425,624-06-2107,26590.8057,2021-08-03 06:51:07Z
890876,415-36-3166,534-06-7335,183370.2513,2021-06-27 20:09:31Z
759908,272-72-6427,246-87-3132,177130.9201,2021-04-20 05:50:06Z
621593,705-77-5861,434-24-5776,148154.8567,2021-02-28 14:16:29Z
324670,726-55-0272,062-18-1716,61302.12053,2021-06-25 01:34:50Z
932039,738-62-1855,762-54-2442,17339.60273,2021-04-28 02:39:19Z
187458,241-68-2480,174-15-3773,129776.1721,2021-06-05 00:00:44Z
419609,535-50-6535,305-46-6381,184499.2038,2021-03-27 07:46:02Z
778871,145-15-6482,736-31-5657,173241.4305,2021-03-04 22:29:43Z
471666,566-64-8428,745-50-1433,114047.4562,2021-07-15 12:44:42Z
175141,430-15-6024,830-52-1651,39056.74318,2021-08-15 00:30:35Z
376139,653-40-1765,338-58-3601,24544.76662,2021-06-27 15:02:44Z
867483,178-66-4118,248-16-4677,140189.2047,2021-06-17 15:39:33Z
403215,852-00-8323,228-00-7826,76305.12384,2021-03-12 21:43:53Z
589574,514-65-8714,576-22-2236,151921.7526,2021-05-03 15:55:03Z
271153,878-10-8537,025-44-7058,19148.15798,2021-07-25 02:49:58Z
546966,646-01-7012,236-84-3454,155049.62,2021-01-27 08:19:58Z
565348,714-20-8170,600-23-4656,25981.29378,2021-03-16 04:07:56Z
206885,882-04-1325,871-10-4712,170706.4251,2021-05-21 08:57:48Z
403343,844-30-2613,785-65-8200,186099.9258,2021-06-09 19:13:56Z
188890,258-61-0744,048-82-5416,151515.1479,2021-09-02 15:01:03Z
774801,546-81-4528,483-67-1026,8950.964172,2021-07-28 04:15:09Z
747465,562-02-6725,525-77-1330,173492.8851,2021-06-16 09:22:15Z
155648,827-07-0132,045-61-4184,148776.4279,2021-02-15 14:34:33Z
136988,888-78-1742,050-61-7466,102632.6491,2021-05-05 03:12:16Z
646831,072-25-7603,855-21-8447,74254.39945,2021-06-09 04:40:07Z
798088,567-41-5342,886-51-1363,40712.27445,2021-06-08 09:02:09Z
689183,576-44-1300,088-56-6634,82983.72303,2021-07-21 19:49:38Z
472005,211-84-4005,883-66-3870,29702.80155,2021-08-02 17:31:35Z
320978,684-88-2707,423-13-4375,52728.98555,2021-05-18 15:15:48Z
343936,256-10-2086,262-68-1121,26798.62839,2021-07-09 22:23:11Z
363470,802-72-0825,560-48-1425,105328.626,2021-06-29 17:46:26Z
111412,857-13-2148,415-36-3166,145288.8735,2021-01-05 21:50:13Z
380121,426-78-2440,272-72-6427,196727.7735,2021-08-23 13:08:12Z
531515,833-10-4215,705-77-5861,95700.12221,2021-01-26 09:36:10Z
155968,724-64-0000,726-55-0272,20141.33112,2021-05-20 12:48:53Z
449827,513-53-4378,738-62-1855,27597.71059,2021-06-26 07:01:21Z
973350,726-25-8582,241-68-2480,34010.92943,2021-09-03 16:11:53Z
908449,211-26-8460,535-50-6535,105069.7476,2021-03-22 00:06:37Z
302928,140-01-8617,145-15-6482,57613.84399,2021-01-31 17:40:42Z
165342,671-30-0017,566-64-8428,96476.20618,2021-02-23 10:57:33Z
288044,027-30-2606,430-15-6024,126143.5739,2021-05-02 21:18:06Z
713147,406-42-0705,653-40-1765,185521.2894,2021-03-24 07:42:51Z
633260,332-18-5087,178-66-4118,63012.25922,2021-07-17 07:54:02Z
227146,673-72-3828,852-00-8323,26299.08953,2021-06-18 06:58:03Z
787726,866-20-8743,514-65-8714,53729.20187,2021-05-05 14:15:49Z
277132,266-30-3668,878-10-8537,17685.34921,2021-02-09 04:22:26Z
580697,435-57-2316,646-01-7012,3238.455813,2021-01-02 16:35:17Z
342975,885-18-6760,714-20-8170,1445.898926,2021-08-31 08:52:14Z
699837,561-13-2636,882-04-1325,31891.09805,2021-08-26 02:04:15Z
803727,574-27-2386,844-30-2613,59193.10996,2021-03-14 20:52:22Z
689427,736-32-4742,258-61-0744,186323.493,2021-07-14 05:03:26Z
380067,034-82-4477,546-81-4528,76834.64393,2021-04-16 06:36:13Z
927288,338-58-6732,562-02-6725,70487.06475,2021-04-26 15:09:56Z
678328,431-70-1077,827-07-0132,7033.682746,2021-03-27 09:25:00Z
218081,281-25-1765,888-78-1742,10958.8621,2021-08-19 18:23:30Z
471973,625-82-2217,072-25-7603,85610.84152,2021-08-31 22:58:19Z
988063,312-78-2310,567-41-5342,68666.36897,2021-04-02 13:55:32Z
828692,430-04-5447,576-44-1300,67941.08551,2021-07-01 19:07:00Z
573820,650-63-6154,211-84-4005,5285.081565,2021-01-06 11:19:11Z
679740,875-13-4278,684-88-2707,120568.4402,2021-01-20 12:19:55Z
471800,566-83-8044,256-10-2086,167126.5257,2021-05-23 15:44:53Z
522904,532-16-1750,802-72-0825,166420.2445,2021-05-02 02:53:12Z
401226,683-00-5812,857-13-2148,80291.36367,2021-06-01 14:15:48Z
556379,060-21-3317,426-78-2440,139590.8838,2021-08-12 21:47:14Z
988309,611-71-0203,833-10-4215,115819.9639,2021-02-04 05:06:05Z
121179,820-62-2326,724-64-0000,60768.85668,2021-05-22 17:07:12Z
261047,402-45-6427,513-53-4378,103597.8108,2021-07-15 21:35:10Z
721997,827-22-6062,726-25-8582,52786.67286,2021-04-30 16:01:23Z
754596,624-06-2107,211-26-8460,196188.555,2021-01-09 15:00:22Z
831440,534-06-7335,140-01-8617,133982.228,2021-01-30 08:28:21Z
875454,246-87-3132,671-30-0017,77395.29499,2021-05-05 11:35:00Z
311594,434-24-5776,027-30-2606,49032.68763,2021-06-05 11:26:28Z
260516,062-18-1716,406-42-0705,41613.9761,2021-02-26 20:48:11Z
649656,762-54-2442,332-18-5087,21000.26187,2021-01-29 22:28:02Z
105157,174-15-3773,673-72-3828,168317.9752,2021-02-16 18:35:35Z
909565,305-46-6381,866-20-8743,69283.14338,2021-03-15 02:57:49Z
775031,736-31-5657,266-30-3668,57806.43333,2021-03-26 07:06:31Z
663142,745-50-1433,435-57-2316,99391.505,2021-02-19 14:27:49Z
383028,830-52-1651,885-18-6760,175771.9446,2021-07-28 05:51:39Z
668090,338-58-3601,561-13-2636,56012.92502,2021-01-10 08:45:18Z
698614,248-16-4677,574-27-2386,43605.57055,2021-05-20 18:00:51Z
234981,228-00-7826,736-32-4742,32445.48484,2021-06-08 18:45:01Z
229447,576-22-2236,034-82-4477,104125.1436,2021-04-24 18:20:02Z
828621,025-44-7058,338-58-6732,30977.00197,2021-05-05 22:29:57Z
770352,236-84-3454,431-70-1077,57853.10187,2021-05-10 07:26:08Z
885124,600-23-4656,281-25-1765,90801.37619,2021-03-08 06:32:46Z
533857,871-10-4712,625-82-2217,97843.3116,2021-01-31 22:45:15Z
120294,785-65-8200,312-78-2310,15629.19051,2021-03-09 05:58:56Z
996079,048-82-5416,430-04-5447,23834.48309,2021-08-30 03:16:12Z
898081,483-67-1026,258-61-0744,765.5158331,2021-07-17 21:17:48Z
866539,525-77-1330,546-81-4528,185450.2594,2021-08-13 10:42:25Z
115256,045-61-4184,258-61-0744,136090.194,2021-06-02 13:01:10Z
499669,050-61-7466,546-81-4528,43273.5548,2021-03-05 00:49:25Z
618821,855-21-8447,258-61-0744,44014.53495,2021-06-09 09:50:03Z
741586,886-51-1363,258-61-0744,120724.0724,2021-07-25 15:22:43Z
887923,088-56-6634,546-81-4528,128194.1996,2021-01-31 03:02:35Z
606432,883-66-3870,650-63-6154,56875.66326,2021-07-19 10:50:52Z
150407,423-13-4375,875-13-4278,151943.4842,2021-01-26 16:15:53Z
257862,262-68-1121,566-83-8044,161011.3521,2021-01-05 13:04:26Z
354713,560-48-1425,532-16-1750,166787.2653,2021-05-14 12:43:12Z
235519,415-36-3166,683-00-5812,155543.2234,2021-02-15 19:07:45Z
653117,272-72-6427,060-21-3317,104334.563,2021-02-16 15:03:25Z
823631,705-77-5861,611-71-0203,45442.9966,2021-07-21 16:58:29Z
331177,726-55-0272,820-62-2326,83666.89994,2021-08-02 16:30:38Z
195105,738-62-1855,402-45-6427,138170.046,2021-04-12 17:25:49Z
525591,241-68-2480,827-22-6062,130601.419,2021-03-04 11:49:20Z
113647,535-50-6535,624-06-2107,120803.3193,2021-02-26 21:20:15Z
606661,145-15-6482,534-06-7335,47781.01355,2021-06-27 16:48:37Z
416073,566-64-8428,246-87-3132,97899.4048,2021-09-04 21:56:26Z
175107,430-15-6024,434-24-5776,104031.0287,2021-05-05 02:38:26Z
238920,653-40-1765,062-18-1716,92851.56978,2021-05-15 07:28:15Z
481726,178-66-4118,762-54-2442,114810.1595,2021-04-24 05:08:42Z
726861,852-00-8323,174-15-3773,102316.1739,2021-08-04 15:46:09Z
555861,514-65-8714,305-46-6381,164637.9457,2021-03-27 03:53:48Z
984401,878-10-8537,736-31-5657,137837.8841,2021-04-27 01:42:40Z
568097,646-01-7012,745-50-1433,176379.0465,2021-05-26 09:17:10Z
174826,714-20-8170,830-52-1651,94673.4298,2021-09-06 18:44:16Z
849820,882-04-1325,338-58-3601,107479.6877,2021-02-17 20:13:07Z
479278,844-30-2613,248-16-4677,76810.42873,2021-06-21 19:15:39Z
573455,258-61-0744,228-00-7826,171534.8745,2021-04-15 14:04:14Z
284490,546-81-4528,576-22-2236,150925.7923,2021-01-15 00:36:05Z
871095,562-02-6725,025-44-7058,8884.412317,2021-01-09 14:34:00Z
395856,827-07-0132,236-84-3454,186048.1944,2021-01-02 17:36:11Z
627898,888-78-1742,600-23-4656,87301.58413,2021-03-19 20:41:29Z
212667,072-25-7603,871-10-4712,130747.5955,2021-01-04 00:43:27Z
227065,567-41-5342,785-65-8200,176087.6142,2021-01-05 16:09:25Z
822609,576-44-1300,048-82-5416,132520.6305,2021-03-01 20:44:04Z
602118,211-84-4005,483-67-1026,6296.280667,2021-03-18 14:04:23Z
363080,684-88-2707,525-77-1330,26452.60574,2021-07-30 18:03:44Z
288805,256-10-2086,045-61-4184,41826.84689,2021-03-22 00:22:24Z
465992,802-72-0825,050-61-7466,92662.34095,2021-08-25 01:28:35Z
980699,857-13-2148,855-21-8447,110006.5892,2021-01-29 07:42:12Z
168461,426-78-2440,886-51-1363,31189.65567,2021-04-15 00:38:36Z
304368,833-10-4215,088-56-6634,3839.594557,2021-07-19 07:36:42Z
301799,724-64-0000,883-66-3870,98280.25195,2021-06-25 22:50:27Z
763628,513-53-4378,423-13-4375,51201.17146,2021-04-18 15:51:55Z
669391,726-25-8582,262-68-1121,674.5935049,2021-03-01 13:50:55Z
357219,211-26-8460,560-48-1425,184562.0522,2021-08-31 02:57:02Z
777980,140-01-8617,415-36-3166,24083.06229,2021-04-22 11:17:00Z
806840,671-30-0017,272-72-6427,18242.59597,2021-07-02 18:43:25Z
860063,027-30-2606,705-77-5861,73380.83735,2021-07-17 22:51:20Z
411950,406-42-0705,726-55-0272,44952.59465,2021-02-21 10:42:10Z
812498,332-18-5087,738-62-1855,44608.87998,2021-01-17 21:01:51Z
982863,673-72-3828,241-68-2480,120900.7634,2021-03-08 02:16:13Z
107209,866-20-8743,535-50-6535,134761.7547,2021-04-02 02:15:17Z
277061,266-30-3668,145-15-6482,37630.4038,2021-08-31 10:28:10Z
313901,435-57-2316,566-64-8428,109566.4361,2021-07-24 18:54:08Z
140121,885-18-6760,430-15-6024,1356.17768,2021-06-02 07:23:31Z
801924,561-13-2636,653-40-1765,179656.7881,2021-03-21 08:54:42Z
450108,574-27-2386,178-66-4118,24100.53178,2021-02-15 04:45:28Z
367483,736-32-4742,852-00-8323,63683.6035,2021-03-26 07:03:46Z
335274,034-82-4477,514-65-8714,72400.37581,2021-01-26 08:28:28Z
667577,338-58-6732,878-10-8537,67625.0992,2021-09-06 11:33:03Z
288720,431-70-1077,646-01-7012,132762.8574,2021-06-16 06:00:24Z
147818,281-25-1765,714-20-8170,160853.7611,2021-04-03 09:06:05Z
358510,625-82-2217,882-04-1325,155771.9871,2021-07-15 21:00:47Z
864858,312-78-2310,844-30-2613,56424.27325,2021-07-08 10:33:48Z
972031,430-04-5447,258-61-0744,16928.77918,2021-03-17 08:45:34Z
911494,650-63-6154,546-81-4528,169456.2416,2021-02-02 02:13:55Z
196080,875-13-4278,562-02-6725,162523.1759,2021-01-19 06:15:07Z
764773,566-83-8044,827-07-0132,27060.06789,2021-06-03 18:35:21Z
558264,532-16-1750,888-78-1742,144398.2863,2021-01-01 05:55:23Z
799124,683-00-5812,072-25-7603,53342.46975,2021-05-18 21:16:36Z
957670,060-21-3317,567-41-5342,45452.71406,2021-07-10 13:45:28Z
497940,611-71-0203,576-44-1300,16436.48983,2021-06-05 02:48:36Z
490352,820-62-2326,211-84-4005,10546.20493,2021-09-06 19:13:19Z
223182,402-45-6427,684-88-2707,89021.80852,2021-01-07 05:16:32Z
997278,827-22-6062,256-10-2086,156878.1348,2021-03-14 02:14:17Z
688740,624-06-2107,802-72-0825,36985.94392,2021-03-26 05:00:05Z
198748,534-06-7335,857-13-2148,181691.7226,2021-01-22 19:32:13Z
898707,246-87-3132,426-78-2440,195315.1563,2021-08-11 06:08:38Z
475561,434-24-5776,833-10-4215,15768.92375,2021-07-02 08:07:45Z
786638,062-18-1716,724-64-0000,79539.67926,2021-03-31 22:25:00Z
782310,762-54-2442,513-53-4378,78962.68827,2021-05-01 07:24:08Z
453523,174-15-3773,726-25-8582,62544.25203,2021-01-09 07:38:03Z
446302,305-46-6381,211-26-8460,154629.2446,2021-02-20 12:56:14Z
208788,736-31-5657,140-01-8617,155702.4414,2021-05-25 08:29:11Z
217632,745-50-1433,671-30-0017,194113.9566,2021-06-01 15:50:53Z
277018,830-52-1651,027-30-2606,132082.6235,2021-01-28 03:19:11Z
338857,338-58-3601,406-42-0705,146122.0983,2021-05-08 11:00:21Z
681639,248-16-4677,332-18-5087,72991.17895,2021-06-07 16:22:48Z
564548,228-00-7826,673-72-3828,74076.1115,2021-05-02 08:00:52Z
261084,576-22-2236,866-20-8743,123213.0732,2021-05-21 22:40:04Z
661216,025-44-7058,266-30-3668,104928.3199,2021-03-14 19:40:50Z
287745,236-84-3454,435-57-2316,170411.9915,2021-07-01 11:28:09Z
607364,600-23-4656,885-18-6760,99172.52425,2021-03-08 07:12:13Z
331764,871-10-4712,561-13-2636,146758.8663,2021-05-16 14:37:44Z
125582,785-65-8200,574-27-2386,54574.30955,2021-05-23 18:10:28Z
241985,048-82-5416,736-32-4742,127532.8314,2021-06-08 18:06:16Z
316081,483-67-1026,034-82-4477,133618.9871,2021-07-24 16:41:28Z
429823,525-77-1330,338-58-6732,167440.7222,2021-05-24 20:30:08Z
943177,045-61-4184,431-70-1077,66655.39663,2021-08-30 00:04:36Z
471913,050-61-7466,281-25-1765,9854.23956,2021-02-25 10:08:06Z
751045,855-21-8447,625-82-2217,85437.67017,2021-04-05 06:43:24Z
637501,886-51-1363,312-78-2310,162267.9628,2021-03-31 21:15:56Z
479263,088-56-6634,430-04-5447,180959.2876,2021-01-02 06:21:50Z
885908,883-66-3870,430-04-5447,141026.0885,2021-05-21 07:19:58Z
525524,423-13-4375,650-63-6154,155381.0892,2021-07-06 08:22:38Z
261958,262-68-1121,875-13-4278,189095.3553,2021-03-25 17:35:36Z
844373,560-48-1425,566-83-8044,67415.98419,2021-04-07 17:55:50Z
380502,415-36-3166,532-16-1750,15953.7174,2021-04-30 17:28:26Z
430043,272-72-6427,683-00-5812,69742.09123,2021-06-09 17:02:02Z
452629,705-77-5861,060-21-3317,83563.65258,2021-05-09 17:15:47Z
719215,726-55-0272,611-71-0203,62367.5353,2021-01-29 19:38:04Z
625338,738-62-1855,820-62-2326,55418.48241,2021-04-29 01:42:39Z
258257,241-68-2480,402-45-6427,28139.28128,2021-04-23 10:15:41Z
286930,535-50-6535,827-22-6062,97507.18368,2021-05-15 20:45:28Z
348081,145-15-6482,624-06-2107,184713.6781,2021-05-25 04:14:52Z
796925,566-64-8428,534-06-7335,143985.6114,2021-08-18 11:10:41Z
424219,430-15-6024,246-87-3132,14631.78155,2021-07-19 05:06:24Z
664857,653-40-1765,434-24-5776,49396.17302,2021-07-07 15:19:06Z
923286,178-66-4118,062-18-1716,89503.32428,2021-05-30 13:30:48Z
517520,852-00-8323,762-54-2442,26213.36446,2021-02-11 21:12:57Z
355413,514-65-8714,174-15-3773,26558.66226,2021-05-20 02:56:57Z
273825,878-10-8537,305-46-6381,104225.288,2021-07-31 11:35:10Z
625158,646-01-7012,736-31-5657,189968.5011,2021-05-19 02:00:08Z
907224,714-20-8170,745-50-1433,131760.0554,2021-03-19 04:30:58Z
241943,882-04-1325,830-52-1651,61763.85445,2021-02-07 18:57:01Z
281819,844-30-2613,338-58-3601,8816.922787,2021-05-25 01:46:41Z
282764,258-61-0744,248-16-4677,72957.80417,2021-04-16 16:08:46Z
133513,546-81-4528,228-00-7826,11339.2301,2021-03-16 04:19:10Z
832256,562-02-6725,576-22-2236,60289.74291,2021-04-15 22:12:07Z
971109,827-07-0132,025-44-7058,124639.2311,2021-04-22 05:11:26Z
302600,888-78-1742,236-84-3454,109036.7762,2021-02-06 03:51:06Z
729737,072-25-7603,600-23-4656,189837.5361,2021-01-12 10:51:39Z
578202,567-41-5342,871-10-4712,8318.206964,2021-04-17 07:21:34Z
185383,576-44-1300,785-65-8200,125619.3556,2021-01-29 03:23:10Z
435731,211-84-4005,048-82-5416,140362.3867,2021-03-19 09:14:00Z
800168,684-88-2707,483-67-1026,154118.0627,2021-01-12 22:28:04Z
657383,256-10-2086,525-77-1330,23061.78545,2021-06-21 04:45:27Z
658894,802-72-0825,045-61-4184,49642.5278,2021-08-10 21:45:40Z
127296,857-13-2148,050-61-7466,16312.79935,2021-07-18 15:00:24Z
735972,426-78-2440,855-21-8447,120546.4744,2021-08-02 08:47:19Z
186497,833-10-4215,886-51-1363,126620.6581,2021-05-11 18:33:47Z
900054,724-64-0000,088-56-6634,37408.48105,2021-01-16 16:21:37Z
564228,513-53-4378,883-66-3870,79282.10764,2021-04-05 12:14:03Z
297573,726-25-8582,423-13-4375,48431.69708,2021-01-07 21:04:44Z
403592,211-26-8460,262-68-1121,57802.81345,2021-06-16 03:11:13Z
467507,140-01-8617,560-48-1425,52802.30593,2021-08-17 03:41:51Z
402444,671-30-0017,415-36-3166,151327.5494,2021-07-20 09:18:41Z
467093,027-30-2606,272-72-6427,165956.4265,2021-02-20 14:47:53Z
435433,406-42-0705,705-77-5861,91799.06134,2021-07-17 11:14:35Z
818344,332-18-5087,726-55-0272,190064.9513,2021-06-01 00:28:53Z
316549,673-72-3828,738-62-1855,177006.9493,2021-02-07 06:13:38Z
804241,866-20-8743,241-68-2480,191091.0923,2021-07-03 05:46:15Z
109296,266-30-3668,535-50-6535,54020.88858,2021-01-08 21:17:22Z
377831,435-57-2316,145-15-6482,25946.66013,2021-06-02 00:55:23Z
251027,885-18-6760,566-64-8428,127152.3203,2021-07-03 08:50:04Z
788013,561-13-2636,430-15-6024,62236.29904,2021-06-30 01:07:47Z
473330,574-27-2386,653-40-1765,145473.2322,2021-02-08 08:22:29Z
567499,736-32-4742,178-66-4118,100754.3768,2021-05-13 10:58:08Z
490665,034-82-4477,852-00-8323,176267.6795,2021-02-06 16:46:49Z
750303,338-58-6732,514-65-8714,60179.92668,2021-04-29 22:27:05Z
362128,431-70-1077,878-10-8537,146838.9853,2021-07-20 02:10:04Z
785148,281-25-1765,646-01-7012,56811.85793,2021-02-24 04:40:56Z
461630,625-82-2217,714-20-8170,39613.25186,2021-02-16 15:15:21Z
181371,312-78-2310,882-04-1325,2594.367301,2021-08-01 01:18:02Z
782980,430-04-5447,844-30-2613,41535.40133,2021-08-30 05:31:19Z
